{
  "window": [
    4,
    33
  ],
  "files": {
    "turbulent_radiative_layer_tcool_0.03.hdf5": {
      "density_var": [
        1884.6794056991966,
        2108.043229596572
      ],
      "pressure_var": [
        4.294643429918389e-05,
        0.001277144678779863
      ],
      "vx_var": [
        0.0013857177369315994,
        0.0016717196698311945
      ],
      "vy_var": [
        0.00023463651417426754,
        0.0011314794122661744
      ],
      "any_field_below_epsfix": {
        "density": 0.0,
        "pressure": 0.0,
        "vx": 0.0,
        "vy": 0.0
      },
      "sec": 12.6
    },
    "turbulent_radiative_layer_tcool_0.10.hdf5": {
      "density_var": [
        1911.9267119661058,
        2132.3649789664546
      ],
      "pressure_var": [
        1.618263129050935e-05,
        0.0007128776056145461
      ],
      "vx_var": [
        0.001388540245835708,
        0.0017050253078191593
      ],
      "vy_var": [
        8.539599326762858e-05,
        0.0009591699156306852
      ],
      "any_field_below_epsfix": {
        "density": 0.0,
        "pressure": 0.0,
        "vx": 0.0,
        "vy": 0.0
      },
      "sec": 9.6
    },
    "turbulent_radiative_layer_tcool_1.00.hdf5": {
      "density_var": [
        2032.1062015305524,
        2149.574361190073
      ],
      "pressure_var": [
        6.242466484821321e-06,
        0.0001496700058978499
      ],
      "vx_var": [
        0.0014756581031637858,
        0.0015525008200667175
      ],
      "vy_var": [
        1.5331194237181426e-05,
        0.00010932682710870863
      ],
      "any_field_below_epsfix": {
        "density": 0.0,
        "pressure": 0.23333333333333334,
        "vx": 0.0,
        "vy": 0.0
      },
      "sec": 9.9
    }
  }
}