{
 "dataset": "acoustic_scattering_inclusions",
 "n_test_files_total": 4,
 "window_frames": [
  4,
  33
 ],
 "frame_stride": 3,
 "eps_lib": 1e-07,
 "eps_fix": 1e-05,
 "files_censused": [
  "acoustic_scattering_inclusions_chunk_36.hdf5",
  "acoustic_scattering_inclusions_chunk_37.hdf5",
  "acoustic_scattering_inclusions_chunk_38.hdf5",
  "acoustic_scattering_inclusions_chunk_39.hdf5"
 ],
 "files": {
  "acoustic_scattering_inclusions_chunk_36.hdf5": {
   "fields": {
    "density": {
     "var_min": 36718.301632659175,
     "var_max": 52710.11304173468,
     "var_mean": 48964.64228637754,
     "frac_below_epslib": 0.0,
     "frac_below_epsfix": 0.0,
     "n_frames": 10,
     "window": [
      4,
      33
     ]
    },
    "pressure": {
     "var_min": 0.06928675216259073,
     "var_max": 0.11637961299631938,
     "var_mean": 0.09255707696679331,
     "frac_below_epslib": 0.0,
     "frac_below_epsfix": 0.0,
     "n_frames": 10,
     "window": [
      4,
      33
     ]
    },
    "speed_of_sound": {
     "var_min": 0.2297047955904647,
     "var_max": 0.28509239723199614,
     "var_mean": 0.27347281086988473,
     "frac_below_epslib": 0.0,
     "frac_below_epsfix": 0.0,
     "n_frames": 10,
     "window": [
      4,
      33
     ]
    },
    "velocity.0": {
     "var_min": 0.004143955297227398,
     "var_max": 0.008759395394908772,
     "var_mean": 0.005609348876365558,
     "frac_below_epslib": 0.0,
     "frac_below_epsfix": 0.0,
     "n_frames": 10,
     "window": [
      4,
      33
     ]
    },
    "velocity.1": {
     "var_min": 0.004050204218431396,
     "var_max": 0.008113288631697508,
     "var_mean": 0.0056779513016072345,
     "frac_below_epslib": 0.0,
     "frac_below_epsfix": 0.0,
     "n_frames": 10,
     "window": [
      4,
      33
     ]
    }
   },
   "sec": 25.0
  },
  "acoustic_scattering_inclusions_chunk_37.hdf5": {
   "fields": {
    "density": {
     "var_min": 1.9538773910942426,
     "var_max": 2.883052237522417,
     "var_mean": 2.4558756939059903,
     "frac_below_epslib": 0.0,
     "frac_below_epsfix": 0.0,
     "n_frames": 10,
     "window": [
      4,
      33
     ]
    },
    "pressure": {
     "var_min": 0.0967682832766713,
     "var_max": 0.14178306129612273,
     "var_mean": 0.11389307040703914,
     "frac_below_epslib": 0.0,
     "frac_below_epsfix": 0.0,
     "n_frames": 10,
     "window": [
      4,
      33
     ]
    },
    "speed_of_sound": {
     "var_min": 0.024125464782357192,
     "var_max": 0.23085508113375483,
     "var_mean": 0.13382906218784896,
     "frac_below_epslib": 0.0,
     "frac_below_epsfix": 0.0,
     "n_frames": 10,
     "window": [
      4,
      33
     ]
    },
    "velocity.0": {
     "var_min": 0.0021211077648985,
     "var_max": 0.00365519708632228,
     "var_mean": 0.002839345893027025,
     "frac_below_epslib": 0.0,
     "frac_below_epsfix": 0.0,
     "n_frames": 10,
     "window": [
      4,
      33
     ]
    },
    "velocity.1": {
     "var_min": 0.0020693009109059943,
     "var_max": 0.002983472453457397,
     "var_mean": 0.002571120893955863,
     "frac_below_epslib": 0.0,
     "frac_below_epsfix": 0.0,
     "n_frames": 10,
     "window": [
      4,
      33
     ]
    }
   },
   "sec": 19.5
  },
  "acoustic_scattering_inclusions_chunk_38.hdf5": {
   "fields": {
    "density": {
     "var_min": 3.242039107149581,
     "var_max": 3.57537281534772,
     "var_mean": 3.42607982145851,
     "frac_below_epslib": 0.0,
     "frac_below_epsfix": 0.0,
     "n_frames": 10,
     "window": [
      4,
      33
     ]
    },
    "pressure": {
     "var_min": 0.007312846727388092,
     "var_max": 0.01244531513514671,
     "var_mean": 0.008402082247045927,
     "frac_below_epslib": 0.0,
     "frac_below_epsfix": 0.0,
     "n_frames": 10,
     "window": [
      4,
      33
     ]
    },
    "speed_of_sound": {
     "var_min": 0.10141618105689562,
     "var_max": 0.10390578097461295,
     "var_mean": 0.1028802018385279,
     "frac_below_epslib": 0.0,
     "frac_below_epsfix": 0.0,
     "n_frames": 10,
     "window": [
      4,
      33
     ]
    },
    "velocity.0": {
     "var_min": 0.0004980194731773702,
     "var_max": 0.0007126038720118303,
     "var_mean": 0.0005901166582277923,
     "frac_below_epslib": 0.0,
     "frac_below_epsfix": 0.0,
     "n_frames": 10,
     "window": [
      4,
      33
     ]
    },
    "velocity.1": {
     "var_min": 0.00040362269920714516,
     "var_max": 0.0009636182912771714,
     "var_mean": 0.0006673584369752099,
     "frac_below_epslib": 0.0,
     "frac_below_epsfix": 0.0,
     "n_frames": 10,
     "window": [
      4,
      33
     ]
    }
   },
   "sec": 22.1
  },
  "acoustic_scattering_inclusions_chunk_39.hdf5": {
   "fields": {
    "density": {
     "var_min": 256450.36507235916,
     "var_max": 376485.10920313507,
     "var_mean": 340539.4287126597,
     "frac_below_epslib": 0.0,
     "frac_below_epsfix": 0.0,
     "n_frames": 10,
     "window": [
      4,
      33
     ]
    },
    "pressure": {
     "var_min": 0.002814840800720923,
     "var_max": 0.004571789187988451,
     "var_mean": 0.003930600365625888,
     "frac_below_epslib": 0.0,
     "frac_below_epsfix": 0.0,
     "n_frames": 10,
     "window": [
      4,
      33
     ]
    },
    "speed_of_sound": {
     "var_min": 0.2227563016593187,
     "var_max": 0.27045934770906965,
     "var_mean": 0.25892353854471467,
     "frac_below_epslib": 0.0,
     "frac_below_epsfix": 0.0,
     "n_frames": 10,
     "window": [
      4,
      33
     ]
    },
    "velocity.0": {
     "var_min": 8.469769854270616e-05,
     "var_max": 0.0002451610574971645,
     "var_mean": 0.0001439089477931153,
     "frac_below_epslib": 0.0,
     "frac_below_epsfix": 0.0,
     "n_frames": 10,
     "window": [
      4,
      33
     ]
    },
    "velocity.1": {
     "var_min": 7.525949509980109e-05,
     "var_max": 0.00016764892644827574,
     "var_mean": 0.00012296583572870328,
     "frac_below_epslib": 0.0,
     "frac_below_epsfix": 0.0,
     "n_frames": 10,
     "window": [
      4,
      33
     ]
    }
   },
   "sec": 15.6
  }
 }
}