{
 "dataset": "euler_multi_quadrants_openBC",
 "n_test_files_total": 20,
 "window_frames": [
  4,
  33
 ],
 "frame_stride": 4,
 "eps_lib": 1e-07,
 "eps_fix": 1e-05,
 "files_censused": [
  "euler_multi_quadrants_openBC_gamma_1.13_C3H8_16_chunk_0.hdf5",
  "euler_multi_quadrants_openBC_gamma_1.404_H2_100_Dry_air_-15_chunk_0.hdf5",
  "euler_multi_quadrants_openBC_gamma_1.76_Ar_-180_chunk_40.hdf5"
 ],
 "files": {
  "euler_multi_quadrants_openBC_gamma_1.13_C3H8_16_chunk_0.hdf5": {
   "fields": {
    "density": {
     "var_min": 0.18915050968207123,
     "var_max": 0.3674459114740855,
     "var_mean": 0.2694477891450963,
     "frac_below_epslib": 0.0,
     "frac_below_epsfix": 0.0,
     "n_frames": 8,
     "window": [
      4,
      33
     ]
    },
    "energy": {
     "var_min": 2.5126837260440325,
     "var_max": 5.0923905388791315,
     "var_mean": 3.8413879564726567,
     "frac_below_epslib": 0.0,
     "frac_below_epsfix": 0.0,
     "n_frames": 8,
     "window": [
      4,
      33
     ]
    },
    "pressure": {
     "var_min": 0.04169483804893289,
     "var_max": 0.08420651237133775,
     "var_mean": 0.06465664510844021,
     "frac_below_epslib": 0.0,
     "frac_below_epsfix": 0.0,
     "n_frames": 8,
     "window": [
      4,
      33
     ]
    },
    "momentum.0": {
     "var_min": 0.0016222096295322559,
     "var_max": 0.010045242044360811,
     "var_mean": 0.006875480211064052,
     "frac_below_epslib": 0.0,
     "frac_below_epsfix": 0.0,
     "n_frames": 8,
     "window": [
      4,
      33
     ]
    },
    "momentum.1": {
     "var_min": 0.06147543086998318,
     "var_max": 0.15719526652967916,
     "var_mean": 0.09479193702753295,
     "frac_below_epslib": 0.0,
     "frac_below_epsfix": 0.0,
     "n_frames": 8,
     "window": [
      4,
      33
     ]
    }
   },
   "sec": 89.7
  },
  "euler_multi_quadrants_openBC_gamma_1.404_H2_100_Dry_air_-15_chunk_0.hdf5": {
   "fields": {
    "density": {
     "var_min": 0.15454815629673097,
     "var_max": 0.2114736722528137,
     "var_mean": 0.1761173618037812,
     "frac_below_epslib": 0.0,
     "frac_below_epsfix": 0.0,
     "n_frames": 8,
     "window": [
      4,
      33
     ]
    },
    "energy": {
     "var_min": 0.19837341541582781,
     "var_max": 0.7947815628546364,
     "var_mean": 0.37913742009091267,
     "frac_below_epslib": 0.0,
     "frac_below_epsfix": 0.0,
     "n_frames": 8,
     "window": [
      4,
      33
     ]
    },
    "pressure": {
     "var_min": 0.033749934783970995,
     "var_max": 0.1499958651447236,
     "var_mean": 0.068402271090634,
     "frac_below_epslib": 0.0,
     "frac_below_epsfix": 0.0,
     "n_frames": 8,
     "window": [
      4,
      33
     ]
    },
    "momentum.0": {
     "var_min": 0.0575464223881996,
     "var_max": 0.09744247211153634,
     "var_mean": 0.08568058020013718,
     "frac_below_epslib": 0.0,
     "frac_below_epsfix": 0.0,
     "n_frames": 8,
     "window": [
      4,
      33
     ]
    },
    "momentum.1": {
     "var_min": 0.0871900005097333,
     "var_max": 0.12943175402869433,
     "var_mean": 0.11499126025775788,
     "frac_below_epslib": 0.0,
     "frac_below_epsfix": 0.0,
     "n_frames": 8,
     "window": [
      4,
      33
     ]
    }
   },
   "sec": 42.9
  },
  "euler_multi_quadrants_openBC_gamma_1.76_Ar_-180_chunk_40.hdf5": {
   "fields": {
    "density": {
     "var_min": 0.04892554302224794,
     "var_max": 0.09116018379854811,
     "var_mean": 0.07511554526786349,
     "frac_below_epslib": 0.0,
     "frac_below_epsfix": 0.0,
     "n_frames": 8,
     "window": [
      4,
      33
     ]
    },
    "energy": {
     "var_min": 0.034500851377884945,
     "var_max": 3.92000695832735,
     "var_mean": 0.7537319257624254,
     "frac_below_epslib": 0.0,
     "frac_below_epsfix": 0.0,
     "n_frames": 8,
     "window": [
      4,
      33
     ]
    },
    "pressure": {
     "var_min": 0.020399837786352154,
     "var_max": 1.9709147348775753,
     "var_mean": 0.35865123692321765,
     "frac_below_epslib": 0.0,
     "frac_below_epsfix": 0.0,
     "n_frames": 8,
     "window": [
      4,
      33
     ]
    },
    "momentum.0": {
     "var_min": 0.0759336764752076,
     "var_max": 0.25273721555691164,
     "var_mean": 0.11619249044764493,
     "frac_below_epslib": 0.0,
     "frac_below_epsfix": 0.0,
     "n_frames": 8,
     "window": [
      4,
      33
     ]
    },
    "momentum.1": {
     "var_min": 0.021137054459241498,
     "var_max": 0.1790229720724318,
     "var_mean": 0.0832863585323388,
     "frac_below_epslib": 0.0,
     "frac_below_epsfix": 0.0,
     "n_frames": 8,
     "window": [
      4,
      33
     ]
    }
   },
   "sec": 55.6
  }
 }
}