{
 "dataset": "MHD_64",
 "n_test_files_total": 10,
 "window_frames": [
  4,
  33
 ],
 "frame_stride": 1,
 "eps_lib": 1e-07,
 "eps_fix": 1e-05,
 "files_censused": [
  "MHD_Ma_0.7_Ms_0.5.hdf5",
  "MHD_Ma_0.7_Ms_1.5.hdf5",
  "MHD_Ma_0.7_Ms_7.hdf5",
  "MHD_Ma_2_Ms_0.5.hdf5",
  "MHD_Ma_2_Ms_1.5.hdf5",
  "MHD_Ma_2_Ms_7.hdf5"
 ],
 "files": {
  "MHD_Ma_0.7_Ms_0.5.hdf5": {
   "fields": {
    "density": {
     "var_min": 0.02556790330501349,
     "var_max": 0.03386668060307541,
     "var_mean": 0.030314470256224604,
     "frac_below_epslib": 0.0,
     "frac_below_epsfix": 0.0,
     "n_frames": 30,
     "window": [
      4,
      33
     ]
    },
    "magnetic_field.0": {
     "var_min": 0.08386972489499313,
     "var_max": 0.11154084049245445,
     "var_mean": 0.1011772246658287,
     "frac_below_epslib": 0.0,
     "frac_below_epsfix": 0.0,
     "n_frames": 30,
     "window": [
      4,
      33
     ]
    },
    "magnetic_field.1": {
     "var_min": 0.09024573642099251,
     "var_max": 0.121731502502972,
     "var_mean": 0.10416292456578996,
     "frac_below_epslib": 0.0,
     "frac_below_epsfix": 0.0,
     "n_frames": 30,
     "window": [
      4,
      33
     ]
    },
    "magnetic_field.2": {
     "var_min": 0.10441177856839072,
     "var_max": 0.15962373748044512,
     "var_mean": 0.12981223989739304,
     "frac_below_epslib": 0.0,
     "frac_below_epsfix": 0.0,
     "n_frames": 30,
     "window": [
      4,
      33
     ]
    },
    "velocity.0": {
     "var_min": 0.18397014004759665,
     "var_max": 0.2401716506481665,
     "var_mean": 0.20907271105234995,
     "frac_below_epslib": 0.0,
     "frac_below_epsfix": 0.0,
     "n_frames": 30,
     "window": [
      4,
      33
     ]
    },
    "velocity.1": {
     "var_min": 0.08586749912940853,
     "var_max": 0.11900315895077006,
     "var_mean": 0.0971980586370967,
     "frac_below_epslib": 0.0,
     "frac_below_epsfix": 0.0,
     "n_frames": 30,
     "window": [
      4,
      33
     ]
    },
    "velocity.2": {
     "var_min": 0.1559688263246911,
     "var_max": 0.18740875683234667,
     "var_mean": 0.1687970289456278,
     "frac_below_epslib": 0.0,
     "frac_below_epsfix": 0.0,
     "n_frames": 30,
     "window": [
      4,
      33
     ]
    }
   },
   "sec": 88.1
  },
  "MHD_Ma_0.7_Ms_1.5.hdf5": {
   "fields": {
    "density": {
     "var_min": 0.3424957373126721,
     "var_max": 0.49508704447572877,
     "var_mean": 0.39955831045946477,
     "frac_below_epslib": 0.0,
     "frac_below_epsfix": 0.0,
     "n_frames": 30,
     "window": [
      4,
      33
     ]
    },
    "magnetic_field.0": {
     "var_min": 0.0465900159127094,
     "var_max": 0.056553726317238484,
     "var_mean": 0.051635265451859126,
     "frac_below_epslib": 0.0,
     "frac_below_epsfix": 0.0,
     "n_frames": 30,
     "window": [
      4,
      33
     ]
    },
    "magnetic_field.1": {
     "var_min": 0.1035193745642563,
     "var_max": 0.12364847810898591,
     "var_mean": 0.11170089588438785,
     "frac_below_epslib": 0.0,
     "frac_below_epsfix": 0.0,
     "n_frames": 30,
     "window": [
      4,
      33
     ]
    },
    "magnetic_field.2": {
     "var_min": 0.08319311795177169,
     "var_max": 0.14334583412431698,
     "var_mean": 0.117099187049086,
     "frac_below_epslib": 0.0,
     "frac_below_epsfix": 0.0,
     "n_frames": 30,
     "window": [
      4,
      33
     ]
    },
    "velocity.0": {
     "var_min": 0.24465322740264553,
     "var_max": 0.277235165846721,
     "var_mean": 0.2606769207561499,
     "frac_below_epslib": 0.0,
     "frac_below_epsfix": 0.0,
     "n_frames": 30,
     "window": [
      4,
      33
     ]
    },
    "velocity.1": {
     "var_min": 0.12355306431912473,
     "var_max": 0.1603567154848098,
     "var_mean": 0.1367376892155504,
     "frac_below_epslib": 0.0,
     "frac_below_epsfix": 0.0,
     "n_frames": 30,
     "window": [
      4,
      33
     ]
    },
    "velocity.2": {
     "var_min": 0.18396473078500802,
     "var_max": 0.19383098756987996,
     "var_mean": 0.18944570167703986,
     "frac_below_epslib": 0.0,
     "frac_below_epsfix": 0.0,
     "n_frames": 30,
     "window": [
      4,
      33
     ]
    }
   },
   "sec": 68.3
  },
  "MHD_Ma_0.7_Ms_7.hdf5": {
   "fields": {
    "density": {
     "var_min": 2.7546967474835333,
     "var_max": 3.259544177420448,
     "var_mean": 2.949739712777883,
     "frac_below_epslib": 0.0,
     "frac_below_epsfix": 0.0,
     "n_frames": 30,
     "window": [
      4,
      33
     ]
    },
    "magnetic_field.0": {
     "var_min": 0.03371412350028671,
     "var_max": 0.03760166571945141,
     "var_mean": 0.035835218917872,
     "frac_below_epslib": 0.0,
     "frac_below_epsfix": 0.0,
     "n_frames": 30,
     "window": [
      4,
      33
     ]
    },
    "magnetic_field.1": {
     "var_min": 0.0750877813466861,
     "var_max": 0.08327581179309647,
     "var_mean": 0.07986061585351396,
     "frac_below_epslib": 0.0,
     "frac_below_epsfix": 0.0,
     "n_frames": 30,
     "window": [
      4,
      33
     ]
    },
    "magnetic_field.2": {
     "var_min": 0.09282816125636285,
     "var_max": 0.10143231295247969,
     "var_mean": 0.0955216516577332,
     "frac_below_epslib": 0.0,
     "frac_below_epsfix": 0.0,
     "n_frames": 30,
     "window": [
      4,
      33
     ]
    },
    "velocity.0": {
     "var_min": 0.23729030639600376,
     "var_max": 0.35810334330131793,
     "var_mean": 0.29106118341535353,
     "frac_below_epslib": 0.0,
     "frac_below_epsfix": 0.0,
     "n_frames": 30,
     "window": [
      4,
      33
     ]
    },
    "velocity.1": {
     "var_min": 0.10881418493740784,
     "var_max": 0.12730658233604442,
     "var_mean": 0.1162640470523184,
     "frac_below_epslib": 0.0,
     "frac_below_epsfix": 0.0,
     "n_frames": 30,
     "window": [
      4,
      33
     ]
    },
    "velocity.2": {
     "var_min": 0.18848601971709894,
     "var_max": 0.19591107352280093,
     "var_mean": 0.19154542991467965,
     "frac_below_epslib": 0.0,
     "frac_below_epsfix": 0.0,
     "n_frames": 30,
     "window": [
      4,
      33
     ]
    }
   },
   "sec": 110.7
  },
  "MHD_Ma_2_Ms_0.5.hdf5": {
   "fields": {
    "density": {
     "var_min": 0.01325868118138528,
     "var_max": 0.01642658194728882,
     "var_mean": 0.015063704802430584,
     "frac_below_epslib": 0.0,
     "frac_below_epsfix": 0.0,
     "n_frames": 30,
     "window": [
      4,
      33
     ]
    },
    "magnetic_field.0": {
     "var_min": 0.09412552923851132,
     "var_max": 0.12053600112059164,
     "var_mean": 0.11243767242356553,
     "frac_below_epslib": 0.0,
     "frac_below_epsfix": 0.0,
     "n_frames": 30,
     "window": [
      4,
      33
     ]
    },
    "magnetic_field.1": {
     "var_min": 0.10242354228100128,
     "var_max": 0.14720098640076093,
     "var_mean": 0.12518316800485196,
     "frac_below_epslib": 0.0,
     "frac_below_epsfix": 0.0,
     "n_frames": 30,
     "window": [
      4,
      33
     ]
    },
    "magnetic_field.2": {
     "var_min": 0.10068135641389521,
     "var_max": 0.11230553591462795,
     "var_mean": 0.106363040600557,
     "frac_below_epslib": 0.0,
     "frac_below_epsfix": 0.0,
     "n_frames": 30,
     "window": [
      4,
      33
     ]
    },
    "velocity.0": {
     "var_min": 0.1729615291177092,
     "var_max": 0.22303117374222034,
     "var_mean": 0.19836799863841348,
     "frac_below_epslib": 0.0,
     "frac_below_epsfix": 0.0,
     "n_frames": 30,
     "window": [
      4,
      33
     ]
    },
    "velocity.1": {
     "var_min": 0.14029412280799602,
     "var_max": 0.26214882576631476,
     "var_mean": 0.1891812954646466,
     "frac_below_epslib": 0.0,
     "frac_below_epsfix": 0.0,
     "n_frames": 30,
     "window": [
      4,
      33
     ]
    },
    "velocity.2": {
     "var_min": 0.15178950919091236,
     "var_max": 0.1815220332411032,
     "var_mean": 0.16728532968499013,
     "frac_below_epslib": 0.0,
     "frac_below_epsfix": 0.0,
     "n_frames": 30,